year,illiq_tilt
2002,-169.06510000000003
2003,-153.8118
2004,-28.4575
2005,-66.30599999999994
2006,-62.23039999999997
2007,-78.46999999999994
2008,-161.3551
2009,138.34779999999995
2010,220.833
2011,-103.6279
2012,13.893600000000006
2013,145.3115
2014,74.39
2015,150.93110000000001
2016,48.08010000000001
2017,-146.04059999999998
2018,-186.49579999999997
2019,-243.5793
2020,-679.7803999999999
2021,-483.03940000000006
2022,-397.52479999999997
2023,-379.2257
2024,-452.89969999999994
2025,-352.6575
