premium,corr_level,corr_change,jan_2022,peak_2022,jump
Italy-Germany 10y spread (pp),-0.17362017324425089,0.024669812077163372,1.6440000000000001,2.277,0.633
